url	chapt_title	img_path
https://science.c-moor.org/miniCURE-16S-Microbiome/index.html	About this Course	resources/chapt_screen_images/index.png
https://science.c-moor.org/miniCURE-16S-Microbiome/instructor-guide.html	Instructor Guide	resources/chapt_screen_images/instructor-guide.png
https://science.c-moor.org/miniCURE-16S-Microbiome/introduction.html	1 Introduction	resources/chapt_screen_images/introduction.png
https://science.c-moor.org/miniCURE-16S-Microbiome/c-moor-minicure-overview.html	1.1 C-MOOR miniCURE Overview	resources/chapt_screen_images/c-moor-minicure-overview.png
https://science.c-moor.org/miniCURE-16S-Microbiome/the-scientific-process.html	1.2 The Scientific Process	resources/chapt_screen_images/the-scientific-process.png
https://science.c-moor.org/miniCURE-16S-Microbiome/sciserver-onboarding.html	1.3 SciServer Onboarding	resources/chapt_screen_images/sciserver-onboarding.png
https://science.c-moor.org/miniCURE-16S-Microbiome/anvil-onboarding.html	1.4 AnVIL Onboarding	resources/chapt_screen_images/anvil-onboarding.png
https://science.c-moor.org/miniCURE-16S-Microbiome/scientific-literature.html	2 Scientific Literature	resources/chapt_screen_images/scientific-literature.png
https://science.c-moor.org/miniCURE-16S-Microbiome/pre-lab---scientific-literature.html	2.1 Pre-lab - Scientific literature	resources/chapt_screen_images/pre-lab---scientific-literature.png
https://science.c-moor.org/miniCURE-16S-Microbiome/lecture---reading-a-paper.html	2.2 Lecture - Reading a paper	resources/chapt_screen_images/lecture---reading-a-paper.png
https://science.c-moor.org/miniCURE-16S-Microbiome/activity---scientific-literature.html	2.3 Activity - Scientific Literature	resources/chapt_screen_images/activity---scientific-literature.png
https://science.c-moor.org/miniCURE-16S-Microbiome/s-rrna-data-in-spreadsheets.html	3 16S rRNA Data in spreadsheets	resources/chapt_screen_images/s-rrna-data-in-spreadsheets.png
https://science.c-moor.org/miniCURE-16S-Microbiome/meet-the-miso-study.html	3.1 Meet the MISO study	resources/chapt_screen_images/meet-the-miso-study.png
https://science.c-moor.org/miniCURE-16S-Microbiome/exploring-16s-rrna-data-in-spreadsheets.html	3.2 Exploring 16S rRNA data in spreadsheets	resources/chapt_screen_images/exploring-16s-rrna-data-in-spreadsheets.png
https://science.c-moor.org/miniCURE-16S-Microbiome/lecture---introducing-16s-rrna-data-using-spreadsheets.html	3.3 Lecture - Introducing 16S rRNA Data Using Spreadsheets	resources/chapt_screen_images/lecture---introducing-16s-rrna-data-using-spreadsheets.png
https://science.c-moor.org/miniCURE-16S-Microbiome/activity---introducing-16s-rrna-data-using-spreadsheets.html	3.4 Activity - Introducing 16S rRNA Data Using Spreadsheets	resources/chapt_screen_images/activity---introducing-16s-rrna-data-using-spreadsheets.png
https://science.c-moor.org/miniCURE-16S-Microbiome/exploring-16s-rrna-data-with-phyloseq.html	4 Exploring 16S rRNA Data with phyloseq	resources/chapt_screen_images/exploring-16s-rrna-data-with-phyloseq.png
https://science.c-moor.org/miniCURE-16S-Microbiome/exploring-16s-rrna-data-with-phyloseq-1.html	4.1 Exploring 16S rRNA Data with phyloseq	resources/chapt_screen_images/exploring-16s-rrna-data-with-phyloseq-1.png
https://science.c-moor.org/miniCURE-16S-Microbiome/lecture---exploring-16s-rrna-data-with-phyloseq.html	4.2 Lecture - Exploring 16S rRNA Data with phyloseq	resources/chapt_screen_images/lecture---exploring-16s-rrna-data-with-phyloseq.png
https://science.c-moor.org/miniCURE-16S-Microbiome/activity---exploring-16s-rrna-data-with-phyloseq.html	4.3 Activity - Exploring 16S rRNA Data with phyloseq	resources/chapt_screen_images/activity---exploring-16s-rrna-data-with-phyloseq.png
https://science.c-moor.org/miniCURE-16S-Microbiome/try-it-question-1---what-has-more-impact-on-human-microbial-variation-diet-or-individuality.html	4.4 Try it Question 1 - What has more impact on human microbial variation, diet or individuality	resources/chapt_screen_images/try-it-question-1---what-has-more-impact-on-human-microbial-variation-diet-or-individuality.png
https://science.c-moor.org/miniCURE-16S-Microbiome/try-it-question-2---what-are-some-of-the-most-abundant-microbes-when-viewed-at-different-taxonomic-resolutions.html	4.5 Try it Question 2 - What are some of the most abundant microbes when viewed at different taxonomic resolutions	resources/chapt_screen_images/try-it-question-2---what-are-some-of-the-most-abundant-microbes-when-viewed-at-different-taxonomic-resolutions.png
https://science.c-moor.org/miniCURE-16S-Microbiome/try-it-question-3---does-gender-contribute-to-individual-microbiome-variation.html	4.6 Try it Question 3 - Does gender contribute to individual microbiome variation	resources/chapt_screen_images/try-it-question-3---does-gender-contribute-to-individual-microbiome-variation.png
https://science.c-moor.org/miniCURE-16S-Microbiome/try-it-question-4---does-age-contribute-to-individual-microbiome-variation.html	4.7 Try it Question 4 - Does age contribute to individual microbiome variation	resources/chapt_screen_images/try-it-question-4---does-age-contribute-to-individual-microbiome-variation.png
https://science.c-moor.org/miniCURE-16S-Microbiome/analyzing-16s-rrna-data-with-phyloseq.html	5 Analyzing 16S rRNA Data with phyloseq	resources/chapt_screen_images/analyzing-16s-rrna-data-with-phyloseq.png
https://science.c-moor.org/miniCURE-16S-Microbiome/analyzing-16s-rrna-data-with-phyloseq-1.html	5.1 Analyzing 16S rRNA Data with phyloseq	resources/chapt_screen_images/analyzing-16s-rrna-data-with-phyloseq-1.png
https://science.c-moor.org/miniCURE-16S-Microbiome/lecture---analyzing-16s-rrna-data-with-phyloseq.html	5.2 Lecture - Analyzing 16S rRNA Data with phyloseq	resources/chapt_screen_images/lecture---analyzing-16s-rrna-data-with-phyloseq.png
https://science.c-moor.org/miniCURE-16S-Microbiome/activity---exploring-16s-rrna-data-with-phyloseq-1.html	5.3 Activity - Exploring 16S rRNA Data with phyloseq	resources/chapt_screen_images/activity---exploring-16s-rrna-data-with-phyloseq-1.png
https://science.c-moor.org/miniCURE-16S-Microbiome/try-it-question-1---how-sensitive-is-microbial-diversity-to-variables-like-diet-age-and-gender.html	5.4 Try it Question 1 - How sensitive is microbial diversity to variables like diet, age and gender	resources/chapt_screen_images/try-it-question-1---how-sensitive-is-microbial-diversity-to-variables-like-diet-age-and-gender.png
https://science.c-moor.org/miniCURE-16S-Microbiome/try-it-question-2---do-diet-age-gender-and-levels-of-metabolites-correlate-with-microbe-variation-between-individuals.html	5.5 Try it Question 2 - Do diet, age, gender and levels of metabolites correlate with microbe variation between individuals	resources/chapt_screen_images/try-it-question-2---do-diet-age-gender-and-levels-of-metabolites-correlate-with-microbe-variation-between-individuals.png
https://science.c-moor.org/miniCURE-16S-Microbiome/try-it-question-3---what-microbes-asvs-differ-between-males-and-females-and-does-age-have-an-impact.html	5.6 Try it Question 3 - What microbes (ASVs) differ between males and females, and does age have an impact	resources/chapt_screen_images/try-it-question-3---what-microbes-asvs-differ-between-males-and-females-and-does-age-have-an-impact.png
https://science.c-moor.org/miniCURE-16S-Microbiome/try-it-question-4---is-there-an-interaction-between-diet-and-age-and-the-microbiome.html	5.7 Try it Question 4 - Is there an interaction between diet and age and the microbiome	resources/chapt_screen_images/try-it-question-4---is-there-an-interaction-between-diet-and-age-and-the-microbiome.png
https://science.c-moor.org/miniCURE-16S-Microbiome/kickstart-project-work.html	6 Kickstart Project Work	resources/chapt_screen_images/kickstart-project-work.png
https://science.c-moor.org/miniCURE-16S-Microbiome/additional-datasets.html	7 Additional Datasets	resources/chapt_screen_images/additional-datasets.png
https://science.c-moor.org/miniCURE-16S-Microbiome/scientific-posters.html	8 Scientific Posters	resources/chapt_screen_images/scientific-posters.png
https://science.c-moor.org/miniCURE-16S-Microbiome/making-a-group-poster.html	8.1 Making a Group Poster	resources/chapt_screen_images/making-a-group-poster.png
https://science.c-moor.org/miniCURE-16S-Microbiome/lecture---scientific-posters.html	8.2 Lecture - Scientific Posters	resources/chapt_screen_images/lecture---scientific-posters.png
https://science.c-moor.org/miniCURE-16S-Microbiome/activity---scientific-posters.html	8.3 Activity - Scientific Posters	resources/chapt_screen_images/activity---scientific-posters.png
https://science.c-moor.org/miniCURE-16S-Microbiome/activity---share-your-poster.html	8.4 Activity - Share Your Poster	resources/chapt_screen_images/activity---share-your-poster.png
https://science.c-moor.org/miniCURE-16S-Microbiome/professional-development.html	9 Professional Development	resources/chapt_screen_images/professional-development.png
https://science.c-moor.org/miniCURE-16S-Microbiome/lecture---next-steps.html	9.1 Lecture - Next Steps	resources/chapt_screen_images/lecture---next-steps.png
https://science.c-moor.org/miniCURE-16S-Microbiome/activity---next-steps.html	9.2 Activity - Next Steps	resources/chapt_screen_images/activity---next-steps.png
https://science.c-moor.org/miniCURE-16S-Microbiome/create-your-cv.html	9.3 Create your CV	resources/chapt_screen_images/create-your-cv.png
https://science.c-moor.org/miniCURE-16S-Microbiome/c-moor-scholars.html	10 C-MOOR Scholars	resources/chapt_screen_images/c-moor-scholars.png
https://science.c-moor.org/miniCURE-16S-Microbiome/c-moor-scholars-1.html	10.1 C-MOOR Scholars	resources/chapt_screen_images/c-moor-scholars-1.png
https://science.c-moor.org/miniCURE-16S-Microbiome/pursue-further-research.html	10.2 Pursue further research	resources/chapt_screen_images/pursue-further-research.png
https://science.c-moor.org/miniCURE-16S-Microbiome/biodigs.html	10.3 BioDIGS	resources/chapt_screen_images/biodigs.png
https://science.c-moor.org/miniCURE-16S-Microbiome/online-community.html	11 Online Community	resources/chapt_screen_images/online-community.png
https://science.c-moor.org/miniCURE-16S-Microbiome/spreadsheets-101.html	12 Spreadsheets 101	resources/chapt_screen_images/spreadsheets-101.png
https://science.c-moor.org/miniCURE-16S-Microbiome/figure-and-tables-guide.html	13 Figure and tables guide	resources/chapt_screen_images/figure-and-tables-guide.png
https://science.c-moor.org/miniCURE-16S-Microbiome/s-minicure-guide.html	14 16S miniCURE Guide	resources/chapt_screen_images/s-minicure-guide.png
https://science.c-moor.org/miniCURE-16S-Microbiome/competencies-table.html	A Core Competencies	resources/chapt_screen_images/competencies-table.png
https://science.c-moor.org/miniCURE-16S-Microbiome/about-the-authors.html	About the Authors	resources/chapt_screen_images/about-the-authors.png
https://science.c-moor.org/miniCURE-16S-Microbiome/references-1.html	References	resources/chapt_screen_images/references-1.png
